{"cameraMode":{"drawMode":0,"name":"Shaded","section":"Shading Mode"},"sceneLighting":true,"audioPlay":false,"sceneViewState":{"m_AlwaysRefresh":false,"showFog":true,"showSkybox":true,"showFlares":true,"showImageEffects":true,"showParticleSystems":true,"showVisualEffectGraphs":true,"m_FxEnabled":true},"in2DMode":false,"pivot":{"x":20.49197006225586,"y":5.400001525878906,"z":5.299997329711914},"rotation":{"x":-0.10823175311088562,"y":0.6138513684272766,"z":-0.0854136198759079,"w":-0.7773442268371582},"size":-0.0006320604588836432,"orthographic":false}